{"train_loss": 0.041482359170913696, "epoch": 1, "_timestamp": 1655367088, "_runtime": 311, "_step": 5, "val_loss": 0.041482359170913696, "val_acc": 0.4112827698437769, "liver_acc": 0.7811409233896319, "tumor_acc": 0.041424616297921796}