{"train loss": 0.15709103643894196, "epoch": 0, "_timestamp": 1655886417, "_runtime": 174, "_step": 2, "val_loss": 0.15709103643894196, "val_acc": 0.3608832075126101, "liver_acc": 0.7217664150252202, "tumor_acc": 0.0}