{"train loss": 0.14473164081573486, "epoch": 0, "_timestamp": 1655815562, "_runtime": 171, "_step": 1, "val_loss": 0.14473164081573486, "_wandb": {"runtime": 173}}