{"train_loss": 0.026653802022337914, "epoch": 1, "_timestamp": 1655467013, "_runtime": 601, "_step": 5, "val_loss": 0.026653802022337914, "val_acc": 0.4330833678469653, "liver_acc": 0.757670015910083, "tumor_acc": 0.10849671978384758}