{"train_loss": 0.14161519706249237, "epoch": 0, "_timestamp": 1655366680, "_runtime": 170, "_step": 1, "val_loss": 0.14161519706249237, "_wandb": {"runtime": 171}}