{"train loss": 0.03830866143107414, "epoch": 1, "_timestamp": 1655816021, "_runtime": 322, "_step": 5, "val_loss": 0.03830866143107414, "val_acc": 0.3867639736801731, "liver_acc": 0.7523262727596687, "tumor_acc": 0.02120167460067762}