{"train loss": 0.16252633929252625, "epoch": 0, "_timestamp": 1656332362, "_runtime": 236, "_step": 2, "val_loss": 0.16252633929252625, "val_acc": 0.3685701139556547, "liver_acc": 0.7328640166566386, "tumor_acc": 0.004276211254670819}