{"train loss": -0.01568453572690487, "epoch": 1, "_timestamp": 1655810710, "_runtime": 320, "_step": 5, "val_loss": -0.01568453572690487, "val_acc": 0.459747304678222, "liver_acc": 0.7617186914000573, "tumor_acc": 0.1577759179563867}