{"train loss": 0.13479119539260864, "epoch": 0, "_timestamp": 1656328327, "_runtime": 155, "_step": 2, "val_loss": 0.13479119539260864, "val_acc": 0.38151316215030484, "liver_acc": 0.7630001687931809, "tumor_acc": 2.6155507428796904e-05}