{"train_loss": 0.1852453500032425, "epoch": 0, "_timestamp": 1655393674, "_runtime": 380, "_step": 2, "val_loss": 0.1852453500032425, "val_acc": 0.37062068677456156, "liver_acc": 0.7412413735491231, "tumor_acc": 0.0}