{"train loss": 0.14072546362876892, "epoch": 0, "_timestamp": 1655991345, "_runtime": 176, "_step": 2, "val_loss": 0.14072546362876892, "val_acc": 0.32550701250839187, "liver_acc": 0.6510140250167837, "tumor_acc": 0.0}